{"cameraMode":{"drawMode":0,"name":"Shaded","section":"Shading Mode"},"sceneLighting":false,"audioPlay":false,"sceneViewState":{"m_AlwaysRefresh":false,"showFog":true,"showSkybox":false,"showFlares":true,"showImageEffects":true,"showParticleSystems":true,"showVisualEffectGraphs":true,"m_FxEnabled":true},"in2DMode":false,"pivot":{"x":-0.05100959539413452,"y":-0.11350814998149872,"z":-0.7127252221107483},"rotation":{"x":-0.018279390409588815,"y":0.9633458852767944,"z":-0.06802844256162644,"w":-0.25885146856307986},"size":0.5938929915428162,"orthographic":false}