{"cameraMode":{"drawMode":0,"name":"Shaded","section":"Shading Mode"},"sceneLighting":false,"audioPlay":false,"sceneViewState":{"m_AlwaysRefresh":false,"showFog":true,"showSkybox":false,"showFlares":true,"showImageEffects":true,"showParticleSystems":true,"showVisualEffectGraphs":true,"m_FxEnabled":true},"in2DMode":false,"pivot":{"x":0.21678932011127473,"y":0.07430918514728546,"z":-0.522908091545105},"rotation":{"x":-0.008110030554234982,"y":-0.9744736552238464,"z":-0.035681795328855517,"w":0.2214912623167038},"size":0.5938929915428162,"orthographic":false}