{"cameraMode":{"drawMode":0,"name":"Shaded","section":"Shading Mode"},"sceneLighting":true,"audioPlay":false,"sceneViewState":{"m_AlwaysRefresh":false,"showFog":true,"showSkybox":true,"showFlares":true,"showImageEffects":true,"showParticleSystems":true,"showVisualEffectGraphs":true,"m_FxEnabled":true},"in2DMode":false,"pivot":{"x":0.30429258942604067,"y":1.3854663372039796,"z":0.0916346088051796},"rotation":{"x":-0.021707884967327119,"y":-0.4261772036552429,"z":-0.010230221785604954,"w":0.9043216109275818},"size":0.8660253882408142,"orthographic":true}