{"cameraMode":{"drawMode":0,"name":"Shaded","section":"Shading Mode"},"sceneLighting":true,"audioPlay":false,"sceneViewState":{"m_AlwaysRefresh":false,"showFog":true,"showSkybox":true,"showFlares":true,"showImageEffects":true,"showParticleSystems":true,"showVisualEffectGraphs":true,"m_FxEnabled":true},"in2DMode":false,"pivot":{"x":-1.1993192434310914,"y":6.620851039886475,"z":1.2540466785430909},"rotation":{"x":-0.026800036430358888,"y":-0.8191257119178772,"z":0.5716461539268494,"w":-0.0383647158741951},"size":0.3722603917121887,"orthographic":false}