{"cameraMode":{"drawMode":0,"name":"Shaded","section":"Shading Mode"},"sceneLighting":true,"audioPlay":false,"sceneViewState":{"m_AlwaysRefresh":false,"showFog":true,"showSkybox":true,"showFlares":true,"showImageEffects":true,"showParticleSystems":true,"showVisualEffectGraphs":true,"m_FxEnabled":true},"in2DMode":false,"pivot":{"x":-0.3110085129737854,"y":11.240134239196778,"z":1.315342664718628},"rotation":{"x":0.5905237197875977,"y":-0.14666593074798585,"z":0.11020396649837494,"w":0.7858943939208984},"size":1.6077768802642823,"orthographic":false}