{"cameraMode":{"drawMode":0,"name":"Shaded","section":"Shading Mode"},"sceneLighting":true,"audioPlay":false,"sceneViewState":{"m_AlwaysRefresh":false,"showFog":true,"showSkybox":true,"showFlares":true,"showImageEffects":true,"showParticleSystems":true,"showVisualEffectGraphs":true,"m_FxEnabled":true},"in2DMode":false,"pivot":{"x":0.8375680446624756,"y":0.6970645189285278,"z":-2.7226195335388185},"rotation":{"x":0.015882547944784166,"y":0.9840188026428223,"z":-0.11714019626379013,"w":0.1324136108160019},"size":1.8359341621398926,"orthographic":false}