{"cameraMode":{"drawMode":0,"name":"Shaded","section":"Shading Mode"},"sceneLighting":true,"audioPlay":false,"sceneViewState":{"m_AlwaysRefresh":false,"showFog":true,"showSkybox":true,"showFlares":true,"showImageEffects":true,"showParticleSystems":true,"showVisualEffectGraphs":true,"m_FxEnabled":true},"in2DMode":false,"pivot":{"x":1.1646361351013184,"y":1.5867851972579957,"z":0.7594213485717773},"rotation":{"x":-0.15742258727550507,"y":0.8136166334152222,"z":-0.25783464312553408,"w":-0.4966887831687927},"size":0.07226038724184036,"orthographic":false}