{"cameraMode":{"drawMode":0,"name":"Shaded","section":"Shading Mode"},"sceneLighting":true,"audioPlay":false,"sceneViewState":{"m_AlwaysRefresh":false,"showFog":true,"showSkybox":true,"showFlares":true,"showImageEffects":true,"showParticleSystems":true,"showVisualEffectGraphs":true,"m_FxEnabled":true},"in2DMode":false,"pivot":{"x":3.101137638092041,"y":2.7400941848754885,"z":2.999403238296509},"rotation":{"x":-0.07368049025535584,"y":0.9037013053894043,"z":-0.17313803732395173,"w":-0.38451752066612246},"size":0.07226038724184036,"orthographic":false}