{"cameraMode":{"drawMode":0,"name":"Shaded","section":"Shading Mode"},"sceneLighting":false,"audioPlay":false,"sceneViewState":{"m_AlwaysRefresh":false,"showFog":true,"showSkybox":false,"showFlares":true,"showImageEffects":true,"showParticleSystems":true,"showVisualEffectGraphs":true,"m_FxEnabled":true},"in2DMode":false,"pivot":{"x":-15.540935516357422,"y":1.7086873054504395,"z":-7.047159671783447},"rotation":{"x":0.22716045379638673,"y":0.39021414518356326,"z":-0.09997387230396271,"w":0.8866379857063294},"size":0.8660253882408142,"orthographic":false}