{"cameraMode":{"drawMode":0,"name":"Shaded","section":"Shading Mode"},"sceneLighting":false,"audioPlay":false,"sceneViewState":{"m_AlwaysRefresh":false,"showFog":true,"showSkybox":false,"showFlares":true,"showImageEffects":true,"showParticleSystems":true,"showVisualEffectGraphs":true,"m_FxEnabled":true},"in2DMode":false,"pivot":{"x":0.0714128315448761,"y":0.027550604194402696,"z":-0.06947492063045502},"rotation":{"x":0.004644869826734066,"y":0.9953151345252991,"z":-0.06428716331720352,"w":0.07177891582250595},"size":0.14779654145240785,"orthographic":false}