{"cameraMode":{"drawMode":0,"name":"Shaded","section":"Shading Mode"},"sceneLighting":false,"audioPlay":false,"sceneViewState":{"m_AlwaysRefresh":false,"showFog":true,"showSkybox":false,"showFlares":true,"showImageEffects":true,"showParticleSystems":true,"showVisualEffectGraphs":true,"m_FxEnabled":true},"in2DMode":false,"pivot":{"x":0.14754343032836915,"y":0.012637805193662644,"z":-0.42404112219810488},"rotation":{"x":-0.0059065548703074459,"y":0.9871692061424255,"z":-0.03763871267437935,"w":-0.15495556592941285},"size":0.43811526894569399,"orthographic":false}