{"cameraMode":{"drawMode":0,"name":"Shaded","section":"Shading Mode"},"sceneLighting":false,"audioPlay":false,"sceneViewState":{"m_AlwaysRefresh":false,"showFog":true,"showSkybox":false,"showFlares":true,"showImageEffects":true,"showParticleSystems":true,"showVisualEffectGraphs":true,"m_FxEnabled":true},"in2DMode":false,"pivot":{"x":6.705522537231445e-8,"y":-0.011557623744010926,"z":1.6763806343078614e-8},"rotation":{"x":-0.047956377267837527,"y":0.9397379755973816,"z":-0.14809110760688783,"w":-0.30435052514076235},"size":0.07212375849485398,"orthographic":false}