{"cameraMode":{"drawMode":0,"name":"Shaded","section":"Shading Mode"},"sceneLighting":false,"audioPlay":false,"sceneViewState":{"m_AlwaysRefresh":false,"showFog":true,"showSkybox":false,"showFlares":true,"showImageEffects":true,"showParticleSystems":true,"showVisualEffectGraphs":true,"m_FxEnabled":true},"in2DMode":false,"pivot":{"x":-0.010402399115264416,"y":0.029730193316936494,"z":0.04093869775533676},"rotation":{"x":0.09234689921140671,"y":0.17206431925296784,"z":-0.016216209158301355,"w":0.9805888533592224},"size":0.0976308062672615,"orthographic":false}