{"cameraMode":{"drawMode":0,"name":"Shaded","section":"Shading Mode"},"sceneLighting":false,"audioPlay":false,"sceneViewState":{"m_AlwaysRefresh":false,"showFog":true,"showSkybox":false,"showFlares":true,"showImageEffects":true,"showParticleSystems":true,"showVisualEffectGraphs":true,"m_FxEnabled":true},"in2DMode":false,"pivot":{"x":0.022672459483146669,"y":-0.13517902791500092,"z":0.1964181661605835},"rotation":{"x":-0.1824854463338852,"y":-0.11504796147346497,"z":0.021496882662177087,"w":-0.9761999845504761},"size":0.215357705950737,"orthographic":false}