{"cameraMode":{"drawMode":0,"name":"Shaded","section":"Shading Mode"},"sceneLighting":false,"audioPlay":false,"sceneViewState":{"m_AlwaysRefresh":false,"showFog":true,"showSkybox":false,"showFlares":true,"showImageEffects":true,"showParticleSystems":true,"showVisualEffectGraphs":true,"m_FxEnabled":true},"in2DMode":false,"pivot":{"x":0.1283099204301834,"y":0.034453555941581729,"z":-0.4698391556739807},"rotation":{"x":-0.006715025752782822,"y":0.9606908559799194,"z":-0.02335132472217083,"w":-0.2764652669429779},"size":0.49643370509147646,"orthographic":false}