{"cameraMode":{"drawMode":0,"name":"Shaded","section":"Shading Mode"},"sceneLighting":false,"audioPlay":false,"sceneViewState":{"m_AlwaysRefresh":false,"showFog":true,"showSkybox":false,"showFlares":true,"showImageEffects":true,"showParticleSystems":true,"showVisualEffectGraphs":true,"m_FxEnabled":true},"in2DMode":false,"pivot":{"x":0.37998393177986147,"y":0.10510415583848953,"z":0.021119672805070878},"rotation":{"x":0.032162413001060489,"y":0.22298486530780793,"z":-0.007361147087067366,"w":0.9742640256881714},"size":0.3499123752117157,"orthographic":true}