{"cameraMode":{"drawMode":0,"name":"Shaded","section":"Shading Mode"},"sceneLighting":false,"audioPlay":false,"sceneViewState":{"m_AlwaysRefresh":false,"showFog":true,"showSkybox":false,"showFlares":true,"showImageEffects":true,"showParticleSystems":true,"showVisualEffectGraphs":true,"m_FxEnabled":true},"in2DMode":false,"pivot":{"x":0.16517657041549684,"y":-0.24267226457595826,"z":-0.6235021352767944},"rotation":{"x":0.05803414806723595,"y":0.939376175403595,"z":-0.20021381974220277,"w":0.2721429765224457},"size":0.439238578081131,"orthographic":false}