{"cameraMode":{"drawMode":0,"name":"Shaded","section":"Shading Mode"},"sceneLighting":false,"audioPlay":false,"sceneViewState":{"m_AlwaysRefresh":false,"showFog":true,"showSkybox":false,"showFlares":true,"showImageEffects":true,"showParticleSystems":true,"showVisualEffectGraphs":true,"m_FxEnabled":true},"in2DMode":false,"pivot":{"x":0.036670271307229999,"y":0.0036562196910381319,"z":-0.006364055909216404},"rotation":{"x":-0.012867934070527554,"y":0.9852533936500549,"z":-0.08623361587524414,"w":-0.14709988236427308},"size":0.05576866492629051,"orthographic":false}