{"cameraMode":{"drawMode":0,"name":"Shaded","section":"Shading Mode"},"sceneLighting":false,"audioPlay":false,"sceneViewState":{"m_AlwaysRefresh":false,"showFog":true,"showSkybox":false,"showFlares":true,"showImageEffects":true,"showParticleSystems":true,"showVisualEffectGraphs":true,"m_FxEnabled":true},"in2DMode":false,"pivot":{"x":-0.002660630503669381,"y":-0.0038544361013919117,"z":-0.012627683579921723},"rotation":{"x":-0.019548455253243448,"y":0.9467106461524963,"z":-0.058584753423929217,"w":-0.316050261259079},"size":0.03818672150373459,"orthographic":false}