{"cameraMode":{"drawMode":0,"name":"Shaded","section":"Shading Mode"},"sceneLighting":false,"audioPlay":false,"sceneViewState":{"m_AlwaysRefresh":false,"showFog":true,"showSkybox":false,"showFlares":true,"showImageEffects":true,"showParticleSystems":true,"showVisualEffectGraphs":true,"m_FxEnabled":true},"in2DMode":false,"pivot":{"x":-0.0028823725879192354,"y":0.0065607428550720219,"z":-0.0021904632449150087},"rotation":{"x":-0.04816196486353874,"y":0.9516966342926025,"z":-0.20644094049930573,"w":-0.22202984988689423},"size":0.060943007469177249,"orthographic":false}