{"cameraMode":{"drawMode":0,"name":"Shaded","section":"Shading Mode"},"sceneLighting":false,"audioPlay":false,"sceneViewState":{"m_AlwaysRefresh":false,"showFog":true,"showSkybox":false,"showFlares":true,"showImageEffects":true,"showParticleSystems":true,"showVisualEffectGraphs":true,"m_FxEnabled":true},"in2DMode":false,"pivot":{"x":-0.0012333616614341736,"y":-0.0002894178032875061,"z":0.0007681921124458313},"rotation":{"x":-0.05005258321762085,"y":0.9496945738792419,"z":-0.2074986845254898,"w":-0.22908644378185273},"size":0.053036879748106,"orthographic":false}