{"cameraMode":{"drawMode":0,"name":"Shaded","section":"Shading Mode"},"sceneLighting":false,"audioPlay":false,"sceneViewState":{"m_AlwaysRefresh":false,"showFog":true,"showSkybox":false,"showFlares":true,"showImageEffects":true,"showParticleSystems":true,"showVisualEffectGraphs":true,"m_FxEnabled":true},"in2DMode":false,"pivot":{"x":0.21944347023963929,"y":-0.03498212620615959,"z":-0.6481467485427856},"rotation":{"x":-0.016076166182756425,"y":0.9601435661315918,"z":-0.05652380362153053,"w":-0.2731921672821045},"size":0.5674970149993897,"orthographic":false}