{"cameraMode":{"drawMode":0,"name":"Shaded","section":"Shading Mode"},"sceneLighting":false,"audioPlay":false,"sceneViewState":{"m_AlwaysRefresh":false,"showFog":true,"showSkybox":false,"showFlares":true,"showImageEffects":true,"showParticleSystems":true,"showVisualEffectGraphs":true,"m_FxEnabled":true},"in2DMode":false,"pivot":{"x":-1.025238037109375,"y":0.25889113545417788,"z":1.4620000123977662},"rotation":{"x":0.037477605044841769,"y":-0.9620451927185059,"z":0.20595797896385194,"w":0.1750604808330536},"size":0.15444159507751466,"orthographic":false}