{"cameraMode":{"drawMode":0,"name":"Shaded","section":"Shading Mode"},"sceneLighting":false,"audioPlay":false,"sceneViewState":{"m_AlwaysRefresh":false,"showFog":true,"showSkybox":false,"showFlares":true,"showImageEffects":true,"showParticleSystems":true,"showVisualEffectGraphs":true,"m_FxEnabled":true},"in2DMode":false,"pivot":{"x":0.40118351578712466,"y":-0.028304964303970338,"z":0.03321117162704468},"rotation":{"x":-0.20471926033496858,"y":0.18430939316749574,"z":-0.039295535534620288,"w":-0.9604867100715637},"size":0.3828897476196289,"orthographic":false}