{"cameraMode":{"drawMode":0,"name":"Shaded","section":"Shading Mode"},"sceneLighting":false,"audioPlay":false,"sceneViewState":{"m_AlwaysRefresh":false,"showFog":true,"showSkybox":false,"showFlares":true,"showImageEffects":true,"showParticleSystems":true,"showVisualEffectGraphs":true,"m_FxEnabled":true},"in2DMode":false,"pivot":{"x":0.022996872663497926,"y":-0.21799519658088685,"z":-0.3924795091152191},"rotation":{"x":-0.02323758229613304,"y":0.9721578359603882,"z":-0.10983149707317352,"w":-0.2056841254234314},"size":0.4348227083683014,"orthographic":false}