{"cameraMode":{"drawMode":0,"name":"Shaded","section":"Shading Mode"},"sceneLighting":false,"audioPlay":false,"sceneViewState":{"m_AlwaysRefresh":false,"showFog":true,"showSkybox":false,"showFlares":true,"showImageEffects":true,"showParticleSystems":true,"showVisualEffectGraphs":true,"m_FxEnabled":true},"in2DMode":false,"pivot":{"x":0.1523703634738922,"y":0.016574904322624208,"z":0.00008538737893104553},"rotation":{"x":-0.0004013947327621281,"y":0.9968400597572327,"z":-0.005093369632959366,"w":-0.07911442965269089},"size":0.4104088842868805,"orthographic":false}