{"cameraMode":{"drawMode":0,"name":"Shaded","section":"Shading Mode"},"sceneLighting":false,"audioPlay":false,"sceneViewState":{"m_AlwaysRefresh":false,"showFog":true,"showSkybox":false,"showFlares":true,"showImageEffects":true,"showParticleSystems":true,"showVisualEffectGraphs":true,"m_FxEnabled":true},"in2DMode":false,"pivot":{"x":0.14727379381656648,"y":-0.055825747549533847,"z":-0.42454957962036135},"rotation":{"x":-0.008292940445244313,"y":0.9728363752365112,"z":-0.035331130027770999,"w":-0.22850766777992249},"size":0.4179435074329376,"orthographic":false}