{"cameraMode":{"drawMode":0,"name":"Shaded","section":"Shading Mode"},"sceneLighting":false,"audioPlay":false,"sceneViewState":{"m_AlwaysRefresh":false,"showFog":true,"showSkybox":false,"showFlares":true,"showImageEffects":true,"showParticleSystems":true,"showVisualEffectGraphs":true,"m_FxEnabled":true},"in2DMode":false,"pivot":{"x":0.2711828052997589,"y":-0.018011681735515596,"z":-0.7275380492210388},"rotation":{"x":-0.009631101973354817,"y":0.9894863963127136,"z":-0.07913042604923248,"w":-0.12052358686923981},"size":0.6100679039955139,"orthographic":false}