{"cameraMode":{"drawMode":0,"name":"Shaded","section":"Shading Mode"},"sceneLighting":false,"audioPlay":false,"sceneViewState":{"m_AlwaysRefresh":false,"showFog":true,"showSkybox":false,"showFlares":true,"showImageEffects":true,"showParticleSystems":true,"showVisualEffectGraphs":true,"m_FxEnabled":true},"in2DMode":false,"pivot":{"x":0.13675200939178468,"y":-0.09036551415920258,"z":-0.2559153735637665},"rotation":{"x":-0.05375733971595764,"y":0.8988789916038513,"z":-0.115232452750206,"w":-0.4193381071090698},"size":0.2649134695529938,"orthographic":false}