{"cameraMode":{"drawMode":0,"name":"Shaded","section":"Shading Mode"},"sceneLighting":false,"audioPlay":false,"sceneViewState":{"m_AlwaysRefresh":false,"showFog":true,"showSkybox":false,"showFlares":true,"showImageEffects":true,"showParticleSystems":true,"showVisualEffectGraphs":true,"m_FxEnabled":true},"in2DMode":false,"pivot":{"x":0.38830244541168215,"y":-0.039516597986221316,"z":-0.6444114446640015},"rotation":{"x":-0.0009179345215670764,"y":0.9968301057815552,"z":-0.07852184027433396,"w":-0.011663052253425122},"size":0.49643370509147646,"orthographic":false}