{"cameraMode":{"drawMode":0,"name":"Shaded","section":"Shading Mode"},"sceneLighting":false,"audioPlay":false,"sceneViewState":{"m_AlwaysRefresh":false,"showFog":true,"showSkybox":false,"showFlares":true,"showImageEffects":true,"showParticleSystems":true,"showVisualEffectGraphs":true,"m_FxEnabled":true},"in2DMode":false,"pivot":{"x":0.014911197125911713,"y":0.003107853000983596,"z":-0.0008887142757885158},"rotation":{"x":-0.043983638286590579,"y":0.9281785488128662,"z":-0.11644483357667923,"w":-0.3506493866443634},"size":0.035149481147527698,"orthographic":false}