{"cameraMode":{"drawMode":0,"name":"Shaded","section":"Shading Mode"},"sceneLighting":false,"audioPlay":false,"sceneViewState":{"m_AlwaysRefresh":false,"showFog":true,"showSkybox":false,"showFlares":true,"showImageEffects":true,"showParticleSystems":true,"showVisualEffectGraphs":true,"m_FxEnabled":true},"in2DMode":false,"pivot":{"x":0.7125365138053894,"y":0.01484216470271349,"z":1.2618978023529053},"rotation":{"x":-0.013156302273273468,"y":0.9792882800102234,"z":-0.06767836213111878,"w":-0.19036813080310822},"size":0.09393967688083649,"orthographic":false}