{"cameraMode":{"drawMode":0,"name":"Shaded","section":"Shading Mode"},"sceneLighting":false,"audioPlay":false,"sceneViewState":{"m_AlwaysRefresh":false,"showFog":true,"showSkybox":false,"showFlares":true,"showImageEffects":true,"showParticleSystems":true,"showVisualEffectGraphs":true,"m_FxEnabled":true},"in2DMode":false,"pivot":{"x":0.05628484487533569,"y":-0.07041522115468979,"z":-0.12043158710002899},"rotation":{"x":-0.0024392229970544578,"y":0.9975405931472778,"z":0.05241905525326729,"w":0.0464189350605011},"size":0.13506366312503816,"orthographic":false}