{"cameraMode":{"drawMode":0,"name":"Shaded","section":"Shading Mode"},"sceneLighting":false,"audioPlay":false,"sceneViewState":{"m_AlwaysRefresh":false,"showFog":true,"showSkybox":false,"showFlares":true,"showImageEffects":true,"showParticleSystems":true,"showVisualEffectGraphs":true,"m_FxEnabled":true},"in2DMode":false,"pivot":{"x":13.946072578430176,"y":1.1750378608703614,"z":-3.7533483505249025},"rotation":{"x":0.3954034149646759,"y":0.5685272812843323,"z":-0.35937365889549258,"w":0.6255249381065369},"size":0.9600008726119995,"orthographic":false}