{"cameraMode":{"drawMode":0,"name":"Shaded","section":"Shading Mode"},"sceneLighting":false,"audioPlay":false,"sceneViewState":{"m_AlwaysRefresh":false,"showFog":true,"showSkybox":false,"showFlares":true,"showImageEffects":true,"showParticleSystems":true,"showVisualEffectGraphs":true,"m_FxEnabled":true},"in2DMode":false,"pivot":{"x":0.019446730613708497,"y":-0.04179249703884125,"z":-0.3295861780643463},"rotation":{"x":-0.01753418520092964,"y":0.9706060290336609,"z":-0.07469245046377182,"w":-0.22798459231853486},"size":0.33035925030708315,"orthographic":false}