{"cameraMode":{"drawMode":0,"name":"Shaded","section":"Shading Mode"},"sceneLighting":false,"audioPlay":false,"sceneViewState":{"m_AlwaysRefresh":false,"showFog":true,"showSkybox":false,"showFlares":true,"showImageEffects":true,"showParticleSystems":true,"showVisualEffectGraphs":true,"m_FxEnabled":true},"in2DMode":false,"pivot":{"x":-0.049290627241134647,"y":1.2645920515060425,"z":0.22530698776245118},"rotation":{"x":0.0009764008573256433,"y":0.9552398324012756,"z":-0.29581454396247866,"w":0.00315306568518281},"size":0.9456352591514587,"orthographic":false}