{"cameraMode":{"drawMode":0,"name":"Shaded","section":"Shading Mode"},"sceneLighting":false,"audioPlay":false,"sceneViewState":{"m_AlwaysRefresh":false,"showFog":true,"showSkybox":false,"showFlares":true,"showImageEffects":true,"showParticleSystems":true,"showVisualEffectGraphs":true,"m_FxEnabled":true},"in2DMode":false,"pivot":{"x":0.01752764731645584,"y":-0.2949371039867401,"z":-0.6084060072898865},"rotation":{"x":-0.040919966995716098,"y":0.9590519666671753,"z":-0.19570843875408173,"w":-0.20051351189613343},"size":0.6891202926635742,"orthographic":false}