{"cameraMode":{"drawMode":0,"name":"Shaded","section":"Shading Mode"},"sceneLighting":false,"audioPlay":false,"sceneViewState":{"m_AlwaysRefresh":false,"showFog":true,"showSkybox":false,"showFlares":true,"showImageEffects":true,"showParticleSystems":true,"showVisualEffectGraphs":true,"m_FxEnabled":true},"in2DMode":false,"pivot":{"x":-0.0018618195317685605,"y":0.010948742739856243,"z":0.0024773026816546919},"rotation":{"x":-0.03251366317272186,"y":0.6954859495162964,"z":-0.031534191220998767,"w":-0.7171024084091187},"size":0.029689205810427667,"orthographic":false}