{"cameraMode":{"drawMode":0,"name":"Shaded","section":"Shading Mode"},"sceneLighting":false,"audioPlay":false,"sceneViewState":{"m_AlwaysRefresh":false,"showFog":true,"showSkybox":false,"showFlares":true,"showImageEffects":true,"showParticleSystems":true,"showVisualEffectGraphs":true,"m_FxEnabled":true},"in2DMode":false,"pivot":{"x":-0.06987006962299347,"y":0.00599374994635582,"z":0.004495359491556883},"rotation":{"x":0.020796459168195726,"y":0.8314657807350159,"z":-0.031194478273391725,"w":0.5543064475059509},"size":0.09973753243684769,"orthographic":true}