{"cameraMode":{"drawMode":0,"name":"Shaded","section":"Shading Mode"},"sceneLighting":false,"audioPlay":false,"sceneViewState":{"m_AlwaysRefresh":false,"showFog":true,"showSkybox":false,"showFlares":true,"showImageEffects":true,"showParticleSystems":true,"showVisualEffectGraphs":true,"m_FxEnabled":true},"in2DMode":false,"pivot":{"x":0.04184774309396744,"y":0.008058186620473862,"z":-0.014422081410884858},"rotation":{"x":-0.17478999495506288,"y":-0.11840127408504486,"z":0.021172892302274705,"w":-0.9771854877471924},"size":0.06594758480787277,"orthographic":false}