{"cameraMode":{"drawMode":0,"name":"Shaded","section":"Shading Mode"},"sceneLighting":false,"audioPlay":false,"sceneViewState":{"m_AlwaysRefresh":false,"showFog":true,"showSkybox":false,"showFlares":true,"showImageEffects":true,"showParticleSystems":true,"showVisualEffectGraphs":true,"m_FxEnabled":true},"in2DMode":false,"pivot":{"x":0.2965368330478668,"y":0.08896922320127487,"z":-0.05864958465099335},"rotation":{"x":0.061390358954668048,"y":-0.04789084196090698,"z":0.002949049463495612,"w":0.9969577193260193},"size":0.09973754733800888,"orthographic":false}