{"cameraMode":{"drawMode":0,"name":"Shaded","section":"Shading Mode"},"sceneLighting":false,"audioPlay":false,"sceneViewState":{"m_AlwaysRefresh":false,"showFog":true,"showSkybox":false,"showFlares":true,"showImageEffects":true,"showParticleSystems":true,"showVisualEffectGraphs":true,"m_FxEnabled":true},"in2DMode":false,"pivot":{"x":0.1625625193119049,"y":0.02961748093366623,"z":-0.2710098922252655},"rotation":{"x":0.10786750167608261,"y":0.22608976066112519,"z":-0.025199616327881814,"w":0.9677848219871521},"size":0.09973754733800888,"orthographic":false}