{"cameraMode":{"drawMode":0,"name":"Shaded","section":"Shading Mode"},"sceneLighting":false,"audioPlay":false,"sceneViewState":{"m_AlwaysRefresh":false,"showFog":true,"showSkybox":false,"showFlares":true,"showImageEffects":true,"showParticleSystems":true,"showVisualEffectGraphs":true,"m_FxEnabled":true},"in2DMode":false,"pivot":{"x":0.24349957704544068,"y":-0.1623050421476364,"z":-0.20633679628372193},"rotation":{"x":-0.016605406999588014,"y":0.9783491492271423,"z":-0.08681067079305649,"w":-0.18714161217212678},"size":0.3336818218231201,"orthographic":false}