{"cameraMode":{"drawMode":0,"name":"Shaded","section":"Shading Mode"},"sceneLighting":false,"audioPlay":false,"sceneViewState":{"m_AlwaysRefresh":false,"showFog":true,"showSkybox":false,"showFlares":true,"showImageEffects":true,"showParticleSystems":true,"showVisualEffectGraphs":true,"m_FxEnabled":true},"in2DMode":false,"pivot":{"x":2.2351741790771486e-8,"y":-3.725290298461914e-9,"z":2.2351741790771486e-8},"rotation":{"x":0.0021181979682296516,"y":0.7081616520881653,"z":-0.002124363323673606,"w":0.706039309501648},"size":0.05713576450943947,"orthographic":true}