{"cameraMode":{"drawMode":0,"name":"Shaded","section":"Shading Mode"},"sceneLighting":true,"audioPlay":false,"sceneViewState":{"m_AlwaysRefresh":false,"showFog":true,"showSkybox":true,"showFlares":true,"showImageEffects":true,"showParticleSystems":true,"showVisualEffectGraphs":true,"m_FxEnabled":true},"in2DMode":false,"pivot":{"x":-0.32098257541656496,"y":0.3035372495651245,"z":1.1975268125534058},"rotation":{"x":0.24900701642036439,"y":-0.3454548418521881,"z":0.09559090435504914,"w":0.8997030854225159},"size":1.1514239311218262,"orthographic":false}