{"cameraMode":{"drawMode":0,"name":"Shaded","section":"Shading Mode"},"sceneLighting":false,"audioPlay":false,"sceneViewState":{"m_AlwaysRefresh":false,"showFog":true,"showSkybox":false,"showFlares":true,"showImageEffects":true,"showParticleSystems":true,"showVisualEffectGraphs":true,"m_FxEnabled":true},"in2DMode":false,"pivot":{"x":-0.09594221413135529,"y":0.11552920937538147,"z":0.7716271281242371},"rotation":{"x":0.10658993571996689,"y":0.01699678599834442,"z":-0.0018221240025013686,"w":0.9941502213478088},"size":0.6145299673080444,"orthographic":false}