{"cameraMode":{"drawMode":0,"name":"Shaded","section":"Shading Mode"},"sceneLighting":false,"audioPlay":false,"sceneViewState":{"m_AlwaysRefresh":false,"showFog":true,"showSkybox":false,"showFlares":true,"showImageEffects":true,"showParticleSystems":true,"showVisualEffectGraphs":true,"m_FxEnabled":true},"in2DMode":false,"pivot":{"x":-0.0014853477478027344,"y":-0.010027393698692322,"z":-5.438923835754395e-7},"rotation":{"x":-0.019548455253243448,"y":0.9467106461524963,"z":-0.058584753423929217,"w":-0.316050261259079},"size":0.13627450168132783,"orthographic":false}