{"cameraMode":{"drawMode":0,"name":"Shaded","section":"Shading Mode"},"sceneLighting":false,"audioPlay":false,"sceneViewState":{"m_AlwaysRefresh":false,"showFog":true,"showSkybox":false,"showFlares":true,"showImageEffects":true,"showParticleSystems":true,"showVisualEffectGraphs":true,"m_FxEnabled":true},"in2DMode":false,"pivot":{"x":-0.000012516975402832031,"y":-0.0741896778345108,"z":-0.2915530502796173},"rotation":{"x":-0.03947795554995537,"y":0.884273886680603,"z":-0.0760592371225357,"w":-0.4590218663215637},"size":0.4892895221710205,"orthographic":false}