{"cameraMode":{"drawMode":0,"name":"Shaded","section":"Shading Mode"},"sceneLighting":false,"audioPlay":false,"sceneViewState":{"m_AlwaysRefresh":false,"showFog":true,"showSkybox":false,"showFlares":true,"showImageEffects":true,"showParticleSystems":true,"showVisualEffectGraphs":true,"m_FxEnabled":true},"in2DMode":false,"pivot":{"x":0.1421421319246292,"y":0.002525284653529525,"z":0.054743800312280658},"rotation":{"x":0.03441755473613739,"y":-0.9434254169464111,"z":0.10371995717287064,"w":0.31305840611457827},"size":0.1316908895969391,"orthographic":true}