{"cameraMode":{"drawMode":0,"name":"Shaded","section":"Shading Mode"},"sceneLighting":false,"audioPlay":false,"sceneViewState":{"m_AlwaysRefresh":false,"showFog":true,"showSkybox":false,"showFlares":true,"showImageEffects":true,"showParticleSystems":true,"showVisualEffectGraphs":true,"m_FxEnabled":true},"in2DMode":false,"pivot":{"x":0.4269886016845703,"y":-0.15801966190338136,"z":0.5042175650596619},"rotation":{"x":0.13598068058490754,"y":0.037142474204301837,"z":-0.005101650953292847,"w":0.9900011420249939},"size":0.4104088544845581,"orthographic":false}