{"cameraMode":{"drawMode":0,"name":"Shaded","section":"Shading Mode"},"sceneLighting":false,"audioPlay":false,"sceneViewState":{"m_AlwaysRefresh":false,"showFog":true,"showSkybox":false,"showFlares":true,"showImageEffects":true,"showParticleSystems":true,"showVisualEffectGraphs":true,"m_FxEnabled":true},"in2DMode":false,"pivot":{"x":0.38707035779953005,"y":-0.018025092780590059,"z":0.00008538737893104553},"rotation":{"x":-0.26384416222572329,"y":-0.15485398471355439,"z":0.042958665639162067,"w":-0.9510822296142578},"size":0.4104088544845581,"orthographic":false}