{"cameraMode":{"drawMode":0,"name":"Shaded","section":"Shading Mode"},"sceneLighting":false,"audioPlay":false,"sceneViewState":{"m_AlwaysRefresh":false,"showFog":true,"showSkybox":false,"showFlares":true,"showImageEffects":true,"showParticleSystems":true,"showVisualEffectGraphs":true,"m_FxEnabled":true},"in2DMode":false,"pivot":{"x":0.005318652838468552,"y":0.00383014976978302,"z":0.0004071909934282303},"rotation":{"x":0.013843166641891003,"y":-0.9812041521072388,"z":0.17641891539096833,"w":0.07698197662830353},"size":0.07515177875757218,"orthographic":false}