{"cameraMode":{"drawMode":0,"name":"Shaded","section":"Shading Mode"},"sceneLighting":false,"audioPlay":false,"sceneViewState":{"m_AlwaysRefresh":false,"showFog":true,"showSkybox":false,"showFlares":true,"showImageEffects":true,"showParticleSystems":true,"showVisualEffectGraphs":true,"m_FxEnabled":true},"in2DMode":false,"pivot":{"x":0.35781872272491457,"y":-0.15098029375076295,"z":0.6020026206970215},"rotation":{"x":-0.09582415968179703,"y":0.0241816695779562,"z":-0.0023286163341253998,"w":-0.995101273059845},"size":0.497606486082077,"orthographic":false}