{"cameraMode":{"drawMode":0,"name":"Shaded","section":"Shading Mode"},"sceneLighting":false,"audioPlay":false,"sceneViewState":{"m_AlwaysRefresh":false,"showFog":true,"showSkybox":false,"showFlares":true,"showImageEffects":true,"showParticleSystems":true,"showVisualEffectGraphs":true,"m_FxEnabled":true},"in2DMode":false,"pivot":{"x":0.47550925612449648,"y":-0.03330421447753906,"z":0.0002663806080818176},"rotation":{"x":-0.05015221983194351,"y":0.9236278533935547,"z":-0.12968841195106507,"w":-0.35717910528182986},"size":0.497606486082077,"orthographic":false}