{"cameraMode":{"drawMode":0,"name":"Shaded","section":"Shading Mode"},"sceneLighting":false,"audioPlay":false,"sceneViewState":{"m_AlwaysRefresh":false,"showFog":true,"showSkybox":false,"showFlares":true,"showImageEffects":true,"showParticleSystems":true,"showVisualEffectGraphs":true,"m_FxEnabled":true},"in2DMode":false,"pivot":{"x":-0.017479289323091508,"y":0.012849207036197186,"z":-0.003923342097550631},"rotation":{"x":-0.03992469608783722,"y":0.6972626447677612,"z":-0.03895476832985878,"w":-0.7146322131156921},"size":0.02816762961447239,"orthographic":false}