{"cameraMode":{"drawMode":0,"name":"Shaded","section":"Shading Mode"},"sceneLighting":false,"audioPlay":false,"sceneViewState":{"m_AlwaysRefresh":false,"showFog":true,"showSkybox":false,"showFlares":true,"showImageEffects":true,"showParticleSystems":true,"showVisualEffectGraphs":true,"m_FxEnabled":true},"in2DMode":false,"pivot":{"x":0.33480197191238406,"y":0.00877342652529478,"z":0.6091130375862122},"rotation":{"x":-0.0009941402822732926,"y":0.9989145398139954,"z":-0.02547784335911274,"w":-0.03897743672132492},"size":0.0976308137178421,"orthographic":false}