{"cameraMode":{"drawMode":0,"name":"Shaded","section":"Shading Mode"},"sceneLighting":false,"audioPlay":false,"sceneViewState":{"m_AlwaysRefresh":false,"showFog":true,"showSkybox":false,"showFlares":true,"showImageEffects":true,"showParticleSystems":true,"showVisualEffectGraphs":true,"m_FxEnabled":true},"in2DMode":false,"pivot":{"x":0.07281728088855744,"y":-0.008489048108458519,"z":0.010465405881404877},"rotation":{"x":0.032234035432338718,"y":0.9391043186187744,"z":-0.09185397624969483,"w":0.3295566737651825},"size":0.055304255336523059,"orthographic":false}