{"cameraMode":{"drawMode":0,"name":"Shaded","section":"Shading Mode"},"sceneLighting":false,"audioPlay":false,"sceneViewState":{"m_AlwaysRefresh":false,"showFog":true,"showSkybox":false,"showFlares":true,"showImageEffects":true,"showParticleSystems":true,"showVisualEffectGraphs":true,"m_FxEnabled":true},"in2DMode":false,"pivot":{"x":0.00624394416809082,"y":-0.043678537011146548,"z":-0.0004959069192409515},"rotation":{"x":0.13801288604736329,"y":-0.271116703748703,"z":0.039312902837991717,"w":0.951789140701294},"size":0.22912578284740449,"orthographic":false}