{"cameraMode":{"drawMode":0,"name":"Shaded","section":"Shading Mode"},"sceneLighting":false,"audioPlay":false,"sceneViewState":{"m_AlwaysRefresh":false,"showFog":true,"showSkybox":false,"showFlares":true,"showImageEffects":true,"showParticleSystems":true,"showVisualEffectGraphs":true,"m_FxEnabled":true},"in2DMode":false,"pivot":{"x":0.40997880697250368,"y":0.07917279750108719,"z":0.4686329662799835},"rotation":{"x":-0.0305267833173275,"y":-0.0713081806898117,"z":0.002183326752856374,"w":-0.9969831109046936},"size":0.4892895519733429,"orthographic":false}