{"cameraMode":{"drawMode":0,"name":"Shaded","section":"Shading Mode"},"sceneLighting":false,"audioPlay":false,"sceneViewState":{"m_AlwaysRefresh":false,"showFog":true,"showSkybox":false,"showFlares":true,"showImageEffects":true,"showParticleSystems":true,"showVisualEffectGraphs":true,"m_FxEnabled":true},"in2DMode":false,"pivot":{"x":0.8067795038223267,"y":-0.36510100960731509,"z":0.2879730463027954},"rotation":{"x":-0.26384416222572329,"y":-0.15485398471355439,"z":0.042958665639162067,"w":-0.9510822296142578},"size":0.4892895519733429,"orthographic":false}