{"cameraMode":{"drawMode":0,"name":"Shaded","section":"Shading Mode"},"sceneLighting":false,"audioPlay":false,"sceneViewState":{"m_AlwaysRefresh":false,"showFog":true,"showSkybox":false,"showFlares":true,"showImageEffects":true,"showParticleSystems":true,"showVisualEffectGraphs":true,"m_FxEnabled":true},"in2DMode":false,"pivot":{"x":-0.029943430796265603,"y":-0.013374406844377518,"z":0.006221618503332138},"rotation":{"x":-0.0547090582549572,"y":0.8172771334648132,"z":-0.07870441675186157,"w":-0.5681833028793335},"size":0.05713576450943947,"orthographic":false}