{"cameraMode":{"drawMode":0,"name":"Shaded","section":"Shading Mode"},"sceneLighting":false,"audioPlay":false,"sceneViewState":{"m_AlwaysRefresh":false,"showFog":true,"showSkybox":false,"showFlares":true,"showImageEffects":true,"showParticleSystems":true,"showVisualEffectGraphs":true,"m_FxEnabled":true},"in2DMode":false,"pivot":{"x":0.05618157237768173,"y":-0.007125716656446457,"z":-0.21387751400470735},"rotation":{"x":0.013275683857500553,"y":0.9782105088233948,"z":-0.06612872332334519,"w":0.1962490975856781},"size":0.17966386675834657,"orthographic":false}