{"cameraMode":{"drawMode":0,"name":"Shaded","section":"Shading Mode"},"sceneLighting":false,"audioPlay":false,"sceneViewState":{"m_AlwaysRefresh":false,"showFog":true,"showSkybox":false,"showFlares":true,"showImageEffects":true,"showParticleSystems":true,"showVisualEffectGraphs":true,"m_FxEnabled":true},"in2DMode":false,"pivot":{"x":0.5279154777526856,"y":0.07894796878099442,"z":1.2563750743865967},"rotation":{"x":-0.017073100432753564,"y":0.9804414510726929,"z":-0.09886740893125534,"w":-0.16930881142616273},"size":0.0976308062672615,"orthographic":false}