{"cameraMode":{"drawMode":0,"name":"Shaded","section":"Shading Mode"},"sceneLighting":false,"audioPlay":false,"sceneViewState":{"m_AlwaysRefresh":false,"showFog":true,"showSkybox":false,"showFlares":true,"showImageEffects":true,"showParticleSystems":true,"showVisualEffectGraphs":true,"m_FxEnabled":true},"in2DMode":false,"pivot":{"x":-18.616119384765626,"y":0.8343724012374878,"z":7.771137714385986},"rotation":{"x":0.2405986487865448,"y":0.37370216846466067,"z":-0.10101520270109177,"w":0.8900861144065857},"size":1.8068233728408814,"orthographic":false}