{"cameraMode":{"drawMode":0,"name":"Shaded","section":"Shading Mode"},"sceneLighting":false,"audioPlay":false,"sceneViewState":{"m_AlwaysRefresh":false,"showFog":true,"showSkybox":false,"showFlares":true,"showImageEffects":true,"showParticleSystems":true,"showVisualEffectGraphs":true,"m_FxEnabled":true},"in2DMode":false,"pivot":{"x":0.053259510546922687,"y":-0.3308298885822296,"z":0.5746396780014038},"rotation":{"x":0.22306808829307557,"y":-0.018130389973521234,"z":0.004149898421019316,"w":0.974625289440155},"size":0.7381308078765869,"orthographic":false}