{"cameraMode":{"drawMode":0,"name":"Shaded","section":"Shading Mode"},"sceneLighting":false,"audioPlay":false,"sceneViewState":{"m_AlwaysRefresh":false,"showFog":true,"showSkybox":false,"showFlares":true,"showImageEffects":true,"showParticleSystems":true,"showVisualEffectGraphs":true,"m_FxEnabled":true},"in2DMode":false,"pivot":{"x":0.6223055720329285,"y":-0.28797098994255068,"z":1.0097699165344239},"rotation":{"x":0.147932767868042,"y":0.017207365483045579,"z":-0.002573955338448286,"w":0.9888436794281006},"size":0.7381308078765869,"orthographic":false}